,Artist_Name,Genre,Followers,Album,Release date
0,Taylor Swift,['pop'],89729802,Speak Now (Taylor's Version),2023-07-07
1,Taylor Swift,['pop'],89729802,Midnights (The Til Dawn Edition),2023-05-26
2,Taylor Swift,['pop'],89729802,Midnights (3am Edition),2022-10-22
3,Taylor Swift,['pop'],89729802,Midnights,2022-10-21
4,Taylor Swift,['pop'],89729802,Red (Taylor's Version),2021-11-12
5,Taylor Swift,['pop'],89729802,Fearless (Taylor's Version),2021-04-09
6,Taylor Swift,['pop'],89729802,evermore (deluxe version),2021-01-07
7,Taylor Swift,['pop'],89729802,evermore,2020-12-11
8,Taylor Swift,['pop'],89729802,folklore: the long pond studio sessions (from the Disney+ special) [deluxe edition],2020-11-25
9,Taylor Swift,['pop'],89729802,folklore (deluxe version),2020-08-18
10,Taylor Swift,['pop'],89729802,folklore,2020-07-24
11,Taylor Swift,['pop'],89729802,Lover,2019-08-23
12,Taylor Swift,['pop'],89729802,reputation,2017-11-10
13,Taylor Swift,['pop'],89729802,reputation Stadium Tour Surprise Song Playlist,2017-11-09
14,Taylor Swift,['pop'],89729802,1989 (Deluxe),2014-01-01
15,Taylor Swift,['pop'],89729802,1989,2014-01-01
16,Taylor Swift,['pop'],89729802,Red (Deluxe Edition),2012-10-22
17,Taylor Swift,['pop'],89729802,Speak Now World Tour Live,2010-10-25
18,Taylor Swift,['pop'],89729802,Speak Now,2010-10-25
19,Taylor Swift,['pop'],89729802,Speak Now (Deluxe Package),2010-01-01
20,Taylor Swift,['pop'],89729802,Fearless (Platinum Edition),2008-11-11
21,Taylor Swift,['pop'],89729802,Fearless (International Version),2008-11-11
22,Taylor Swift,['pop'],89729802,Live From Clear Channel Stripped 2008,2008-06-28
23,Taylor Swift,['pop'],89729802,Taylor Swift,2006-10-24
24,BTS,"['k-pop', 'k-pop boy group', 'pop']",70274979,Proof,2022-06-10
25,BTS,"['k-pop', 'k-pop boy group', 'pop']",70274979,BE,2020-11-20
26,BTS,"['k-pop', 'k-pop boy group', 'pop']",70274979,MAP OF THE SOUL : 7 ~ THE JOURNEY ~,2020-07-14
27,BTS,"['k-pop', 'k-pop boy group', 'pop']",70274979,MAP OF THE SOUL : 7,2020-02-21
28,BTS,"['k-pop', 'k-pop boy group', 'pop']",70274979,MAP OF THE SOUL : PERSONA,2019-04-12
29,BTS,"['k-pop', 'k-pop boy group', 'pop']",70274979,Love Yourself 結 'Answer',2018-08-24
30,BTS,"['k-pop', 'k-pop boy group', 'pop']",70274979,Love Yourself 轉 'Tear',2018-05-18
31,BTS,"['k-pop', 'k-pop boy group', 'pop']",70274979,FACE YOURSELF,2018-04-04
32,BTS,"['k-pop', 'k-pop boy group', 'pop']",70274979,Love Yourself 承 'Her',2017-09-18
33,BTS,"['k-pop', 'k-pop boy group', 'pop']",70274979,You Never Walk Alone,2017-02-13
34,BTS,"['k-pop', 'k-pop boy group', 'pop']",70274979,Wings,2016-10-10
35,BTS,"['k-pop', 'k-pop boy group', 'pop']",70274979,Youth,2016-09-07
36,BTS,"['k-pop', 'k-pop boy group', 'pop']",70274979,The Most Beautiful Moment in Life: Young Forever,2016-05-02
37,BTS,"['k-pop', 'k-pop boy group', 'pop']",70274979,The Most Beautiful Moment in Life Pt.2,2015-11-30
38,BTS,"['k-pop', 'k-pop boy group', 'pop']",70274979,The Most Beautiful Moment in Life Pt.1,2015-04-29
39,BTS,"['k-pop', 'k-pop boy group', 'pop']",70274979,Wake Up (Standard Edition),2014-12-24
40,BTS,"['k-pop', 'k-pop boy group', 'pop']",70274979,Dark & Wild,2014-08-20
41,BTS,"['k-pop', 'k-pop boy group', 'pop']",70274979,Skool Luv Affair (Special Addition),2014-05-14
42,BTS,"['k-pop', 'k-pop boy group', 'pop']",70274979,Skool Luv Affair,2014-02-12
43,BTS,"['k-pop', 'k-pop boy group', 'pop']",70274979,"O!RUL8,2?",2013-09-11
44,BTS,"['k-pop', 'k-pop boy group', 'pop']",70274979,2 Cool 4 Skool,2013-06-12
45,Katy Perry,['pop'],29848512,One Of The Boys (15th Anniversary Edition),2023-06-20
46,Katy Perry,['pop'],29848512,Smile,2020-08-28
47,Katy Perry,['pop'],29848512,Witness (Deluxe),2017-06-09
48,Katy Perry,['pop'],29848512,PRISM (Deluxe),2013-10-18
49,Katy Perry,['pop'],29848512,PRISM,2013-01-01
50,Katy Perry,['pop'],29848512,Teenage Dream: The Complete Confection,2012-03-12
51,Katy Perry,['pop'],29848512,Teenage Dream,2010-08-24
52,Katy Perry,['pop'],29848512,"Unplugged (Live At MTV Unplugged, New York, NY/2009)",2009-11-13
53,Katy Perry,['pop'],29848512,One Of The Boys,2008-06-17
54,Ed Sheeran,"['pop', 'singer-songwriter pop', 'uk pop']",114807815,Autumn Variations (Fan Living Room Sessions),2023-10-02
55,Ed Sheeran,"['pop', 'singer-songwriter pop', 'uk pop']",114807815,Autumn Variations,2023-09-29
56,Ed Sheeran,"['pop', 'singer-songwriter pop', 'uk pop']",114807815,#NAME?,2023-05-05
57,Ed Sheeran,"['pop', 'singer-songwriter pop', 'uk pop']",114807815,#NAME?,2022-05-27
58,Ed Sheeran,"['pop', 'singer-songwriter pop', 'uk pop']",114807815,=,2021-10-29
59,Ed Sheeran,"['pop', 'singer-songwriter pop', 'uk pop']",114807815,2step (The Remixes),2021-10-29
60,Ed Sheeran,"['pop', 'singer-songwriter pop', 'uk pop']",114807815,No.6 Collaborations Project,2019-07-12
61,Ed Sheeran,"['pop', 'singer-songwriter pop', 'uk pop']",114807815,÷ (Deluxe),2017-03-03
62,Ed Sheeran,"['pop', 'singer-songwriter pop', 'uk pop']",114807815,x (Wembley Edition),2015-11-13
63,Ed Sheeran,"['pop', 'singer-songwriter pop', 'uk pop']",114807815,5,2014-06-23
64,Ed Sheeran,"['pop', 'singer-songwriter pop', 'uk pop']",114807815,x (Deluxe Edition),2014-06-21
65,Ed Sheeran,"['pop', 'singer-songwriter pop', 'uk pop']",114807815,Loose Change,2011-12-09
66,Ed Sheeran,"['pop', 'singer-songwriter pop', 'uk pop']",114807815,Live at the Bedford,2011-12-09
67,Ed Sheeran,"['pop', 'singer-songwriter pop', 'uk pop']",114807815,No.5 Collaborations Project,2011-09-09
68,Ed Sheeran,"['pop', 'singer-songwriter pop', 'uk pop']",114807815,+,2011-09-09
69,Shawn Mendes,"['canadian pop', 'pop', 'viral pop']",42493467,Wonder (Deluxe),2020-12-07
70,Shawn Mendes,"['canadian pop', 'pop', 'viral pop']",42493467,Wonder (Holiday Deluxe),2020-12-05
71,Shawn Mendes,"['canadian pop', 'pop', 'viral pop']",42493467,Wonder,2020-12-04
72,Shawn Mendes,"['canadian pop', 'pop', 'viral pop']",42493467,Shawn Mendes (Deluxe),2019-06-19
73,Shawn Mendes,"['canadian pop', 'pop', 'viral pop']",42493467,Shawn Mendes,2018-05-25
74,Shawn Mendes,"['canadian pop', 'pop', 'viral pop']",42493467,MTV Unplugged,2017-11-03
75,Shawn Mendes,"['canadian pop', 'pop', 'viral pop']",42493467,Illuminate (Deluxe),2017-04-20
76,Shawn Mendes,"['canadian pop', 'pop', 'viral pop']",42493467,Illuminate,2017-04-20
77,Shawn Mendes,"['canadian pop', 'pop', 'viral pop']",42493467,Live At Madison Square Garden,2016-12-23
78,Shawn Mendes,"['canadian pop', 'pop', 'viral pop']",42493467,Handwritten (Revisited),2015-11-20
79,Shawn Mendes,"['canadian pop', 'pop', 'viral pop']",42493467,Handwritten (Deluxe),2015-04-14
80,Shawn Mendes,"['canadian pop', 'pop', 'viral pop']",42493467,Handwritten,2015-04-14
81,Camila Cabello,"['dance pop', 'pop']",31743906,Familia,2022-04-08
82,Camila Cabello,"['dance pop', 'pop']",31743906,Romance,2019-12-06
83,Camila Cabello,"['dance pop', 'pop']",31743906,Camila,2018-01-12
84,Selena Gomez,"['pop', 'post-teen pop']",45874071,Rare (Deluxe),2020-04-09
85,Selena Gomez,"['pop', 'post-teen pop']",45874071,Rare,2020-01-10
86,Selena Gomez,"['pop', 'post-teen pop']",45874071,Revival (Deluxe),2015-10-09
87,Selena Gomez,"['pop', 'post-teen pop']",45874071,Stars Dance (Bonus Track Version),2013-01-01
88,Alan Walker,['electro house'],39297739,Walkerverse Pt. I & II,2022-11-25
89,Alan Walker,['electro house'],39297739,World Of Walker,2021-11-26
90,Alan Walker,['electro house'],39297739,Different World,2018-12-14
91,Marshmello,"['brostep', 'edm', 'pop', 'progressive electro house']",34983653,Shockwave,2021-06-11
92,Marshmello,"['brostep', 'edm', 'pop', 'progressive electro house']",34983653,Joytime III,2019-07-03
93,Marshmello,"['brostep', 'edm', 'pop', 'progressive electro house']",34983653,Joytime II,2018-06-22
94,Marshmello,"['brostep', 'edm', 'pop', 'progressive electro house']",34983653,Joytime,2016-01-08
95,Jonas Brothers,"['boy band', 'pop']",7245891,The Album,2023-05-12
96,Jonas Brothers,"['boy band', 'pop']",7245891,Happiness Begins,2019-06-07
97,Jonas Brothers,"['boy band', 'pop']",7245891,JONAS L.A. (Music from the TV Series),2010-07-20
98,Jonas Brothers,"['boy band', 'pop']",7245891,"Lines, Vines and Trying Times",2009-06-16
99,Jonas Brothers,"['boy band', 'pop']",7245891,A Little Bit Longer,2008-08-12
100,Jonas Brothers,"['boy band', 'pop']",7245891,Jonas Brothers,2007-01-01
101,Michael Jackson,"['r&b', 'soul']",29022318,Thriller 40,2022-11-18
102,Michael Jackson,"['r&b', 'soul']",29022318,XSCAPE - Track by Track Commentary,2014-05-09
103,Michael Jackson,"['r&b', 'soul']",29022318,XSCAPE,2014-05-09
104,Michael Jackson,"['r&b', 'soul']",29022318,Bad 25th Anniversary,2012-09-18
105,Michael Jackson,"['r&b', 'soul']",29022318,Michael,2010-12-10
106,Michael Jackson,"['r&b', 'soul']",29022318,Thriller 25 Super Deluxe Edition,2008-02-08
107,Michael Jackson,"['r&b', 'soul']",29022318,Invincible,2001-10-29
108,Michael Jackson,"['r&b', 'soul']",29022318,BLOOD ON THE DANCE FLOOR/ HIStory In The Mix,1997-05-11
109,Michael Jackson,"['r&b', 'soul']",29022318,"HIStory - PAST, PRESENT AND FUTURE - BOOK I",1995-06-16
110,Michael Jackson,"['r&b', 'soul']",29022318,Dangerous,1991-11-13
111,Michael Jackson,"['r&b', 'soul']",29022318,Bad (Remastered),1987-08-31
112,Michael Jackson,"['r&b', 'soul']",29022318,Thriller,1982-11-30
113,Michael Jackson,"['r&b', 'soul']",29022318,Off the Wall,1979-08-10
114,Michael Jackson,"['r&b', 'soul']",29022318,Forever Michael,1975-01-16
115,Michael Jackson,"['r&b', 'soul']",29022318,Music & Me,1973-08-13
116,Michael Jackson,"['r&b', 'soul']",29022318,Ben,1972-08-04
117,Michael Jackson,"['r&b', 'soul']",29022318,Got To Be There,1972-01-24
118,Mithoon,"['filmi', 'modern bollywood']",7023126,Aashiqui 2 (Cine Audio),2022-07-08
119,Mithoon,"['filmi', 'modern bollywood']",7023126,Shamshera - Telugu,2022-07-07
120,Mithoon,"['filmi', 'modern bollywood']",7023126,Shamshera - Tamil,2022-07-07
121,Mithoon,"['filmi', 'modern bollywood']",7023126,Shamshera,2022-07-07
122,Mithoon,"['filmi', 'modern bollywood']",7023126,Radhe Shyam,2022-03-12
123,Mithoon,"['filmi', 'modern bollywood']",7023126,Loveshhuda (Original Motion Picture Soundtrack),2016-02-19
124,Mithoon,"['filmi', 'modern bollywood']",7023126,Hamari Adhuri Kahani (Original Motion Picture Soundtrack),2015-05-21
125,Mithoon,"['filmi', 'modern bollywood']",7023126,Nee Jathaga Nenundaali,2014-06-17
126,Mithoon,"['filmi', 'modern bollywood']",7023126,Aashiqui 2,2013-10-08
127,Mithoon,"['filmi', 'modern bollywood']",7023126,Aashiqui 2,2013-08-08
128,Mithoon,"['filmi', 'modern bollywood']",7023126,Aashiqui 2,2013-04-06
129,Mithoon,"['filmi', 'modern bollywood']",7023126,Murder 2,2011-05-30
130,Mithoon,"['filmi', 'modern bollywood']",7023126,Lamhaa,2010-06-11
131,Mithoon,"['filmi', 'modern bollywood']",7023126,Tu Hi Mere Rab Ki Tarah Hai,2009-01-28
132,Mithoon,"['filmi', 'modern bollywood']",7023126,Aggar: Passion Betrayal Terror,2007-07-30
133,Mithoon,"['filmi', 'modern bollywood']",7023126,The Train,2007-04-18
134,Mithoon,"['filmi', 'modern bollywood']",7023126,Bas Ek Pal (Original Motion Picture Soundtrack),2006-09-15
135,Maroon 5,['pop'],41404817,JORDI (Deluxe),2021-06-11
136,Maroon 5,['pop'],41404817,Red Pill Blues (Deluxe),2018-06-15
137,Maroon 5,['pop'],41404817,V (Asia Tour Edition),2015-05-18
138,Maroon 5,['pop'],41404817,Overexposed Track By Track,2012-01-01
139,Maroon 5,['pop'],41404817,Overexposed (Deluxe),2012-01-01
140,Maroon 5,['pop'],41404817,Overexposed,2012-01-01
141,Maroon 5,['pop'],41404817,Hands All Over (Deluxe Asia Tour Edition),2010-09-15
142,Maroon 5,['pop'],41404817,Hands All Over (Asia Standard Jewel Case Version),2010-01-01
143,Maroon 5,['pop'],41404817,Hands All Over (Revised Asia Standard Version),1905-07-02
144,Maroon 5,['pop'],41404817,Call And Response: The Remix Album,2008-01-01
145,Maroon 5,['pop'],41404817,Live Friday The 13th,2007-01-01
146,Maroon 5,['pop'],41404817,It Won't Be Soon Before Long (International Version),2007-01-01
147,Maroon 5,['pop'],41404817,It Won't Be Soon Before Long (International Limited Deluxe Version),1905-06-29
148,Maroon 5,['pop'],41404817,1.22.03 Acoustic,1905-06-26
149,Maroon 5,['pop'],41404817,Songs About Jane,2002-06-25
150,Maroon 5,['pop'],41404817,Songs About Jane: 10th Anniversary Edition,1905-06-24
151,Armaan Malik,"['filmi', 'modern bollywood']",19611026,The Voice Of Armaan Malik - Birthdy Special Kannada Hits,2020-07-21
152,Armaan Malik,"['filmi', 'modern bollywood']",19611026,Amaal Mallik & Armaan Malik - Mtv Unplugged Season 7,2018-02-23
153,Armaan Malik,"['filmi', 'modern bollywood']",19611026,Armaan,2014-01-01
154,Post Malone,"['dfw rap', 'melodic rap', 'pop', 'rap']",42353981,AUSTIN (Bonus),2023-08-02
155,Post Malone,"['dfw rap', 'melodic rap', 'pop', 'rap']",42353981,AUSTIN,2023-07-28
156,Post Malone,"['dfw rap', 'melodic rap', 'pop', 'rap']",42353981,The Diamond Collection (Deluxe),2023-04-21
157,Post Malone,"['dfw rap', 'melodic rap', 'pop', 'rap']",42353981,Twelve Carat Toothache (Deluxe),2022-06-07
158,Post Malone,"['dfw rap', 'melodic rap', 'pop', 'rap']",42353981,Twelve Carat Toothache,2022-06-03
159,Post Malone,"['dfw rap', 'melodic rap', 'pop', 'rap']",42353981,Hollywood's Bleeding,2019-09-06
160,Post Malone,"['dfw rap', 'melodic rap', 'pop', 'rap']",42353981,beerbongs & bentleys,2018-04-27
161,Post Malone,"['dfw rap', 'melodic rap', 'pop', 'rap']",42353981,Stoney (Deluxe),2016-12-09
162,Post Malone,"['dfw rap', 'melodic rap', 'pop', 'rap']",42353981,Stoney (Complete Edition),2016-12-09
163,Post Malone,"['dfw rap', 'melodic rap', 'pop', 'rap']",42353981,Stoney,2016-12-09
164,Palak Muchhal,"['filmi', 'modern bollywood']",5662632,Palke,2023-03-15
165,Palak Muchhal,"['filmi', 'modern bollywood']",5662632,Bhajan Sandhya,2018-02-21
166,Palak Muchhal,"['filmi', 'modern bollywood']",5662632,Top 10 Bhakti Bhajans,2018-01-30
167,Bruno Mars,"['dance pop', 'pop']",51540626,An Evening With Silk Sonic,2021-11-12
168,Bruno Mars,"['dance pop', 'pop']",51540626,24K Magic,2016-11-17
169,Bruno Mars,"['dance pop', 'pop']",51540626,Unorthodox Jukebox,2012-12-07
170,Bruno Mars,"['dance pop', 'pop']",51540626,Doo-Wops & Hooligans,2010-10-05
171,Miley Cyrus,['pop'],22362855,Endless Summer Vacation,2023-08-18
172,Miley Cyrus,['pop'],22362855,ATTENTION: MILEY LIVE,2022-04-29
173,Miley Cyrus,['pop'],22362855,Plastic Hearts,2020-11-27
174,Miley Cyrus,['pop'],22362855,SHE IS COMING,2019-05-31
175,Miley Cyrus,['pop'],22362855,Younger Now,2017-09-29
176,Miley Cyrus,['pop'],22362855,Miley Cyrus & Her Dead Petz,2015-08-30
177,Miley Cyrus,['pop'],22362855,Bangerz (Deluxe Version),2013-10-04
178,Miley Cyrus,['pop'],22362855,Can't Be Tamed,2010-01-01
179,Miley Cyrus,['pop'],22362855,The Time Of Our Lives (International Version),2009-01-01
180,Miley Cyrus,['pop'],22362855,Breakout,2008-01-01
181,Miley Cyrus,['pop'],22362855,Meet Miley Cyrus,2007-06-26
182,Anne-Marie,['pop'],11263320,SUPER UNHEALTHY (VOICENOTE EDITION),2023-07-31
183,Anne-Marie,['pop'],11263320,UNHEALTHY (Deluxe),2023-07-28
184,Anne-Marie,['pop'],11263320,Therapy,2021-07-23
185,Anne-Marie,['pop'],11263320,Speak Your Mind (Deluxe),2018-04-27
186,Nicki Minaj,"['hip pop', 'pop', 'queens hip hop', 'rap']",29731867,Queen Radio: Volume 1,2022-08-28
187,Nicki Minaj,"['hip pop', 'pop', 'queens hip hop', 'rap']",29731867,Beam Me Up Scotty,2021-05-14
188,Nicki Minaj,"['hip pop', 'pop', 'queens hip hop', 'rap']",29731867,Queen (Deluxe),2018-11-29
189,Nicki Minaj,"['hip pop', 'pop', 'queens hip hop', 'rap']",29731867,Queen,2018-08-10
190,Nicki Minaj,"['hip pop', 'pop', 'queens hip hop', 'rap']",29731867,The Pinkprint (International Deluxe Explicit),2014-12-15
191,Nicki Minaj,"['hip pop', 'pop', 'queens hip hop', 'rap']",29731867,The Pinkprint (Deluxe Edition),2014-12-15
192,Nicki Minaj,"['hip pop', 'pop', 'queens hip hop', 'rap']",29731867,The Pinkprint,2014-12-15
193,Nicki Minaj,"['hip pop', 'pop', 'queens hip hop', 'rap']",29731867,Pink Friday ... Roman Reloaded (Deluxe Edition),2012-04-03
194,Nicki Minaj,"['hip pop', 'pop', 'queens hip hop', 'rap']",29731867,Pink Friday: Roman Reloaded The Re-Up (Explicit Version),2012-01-01
195,Nicki Minaj,"['hip pop', 'pop', 'queens hip hop', 'rap']",29731867,Pink Friday ... Roman Reloaded (Deluxe),2012-01-01
196,Nicki Minaj,"['hip pop', 'pop', 'queens hip hop', 'rap']",29731867,Pink Friday (Deluxe Edition),2010-11-22
197,Nicki Minaj,"['hip pop', 'pop', 'queens hip hop', 'rap']",29731867,Pink Friday (Complete Edition),2010-11-22
198,Nicki Minaj,"['hip pop', 'pop', 'queens hip hop', 'rap']",29731867,Pink Friday,2010-01-01
199,Arijit Singh,"['filmi', 'modern bollywood']",92796252,Arijit Singh (All Time Hits),2023-05-15
200,Arijit Singh,"['filmi', 'modern bollywood']",92796252,Arijit Singh Hits,2023-03-27
201,Arijit Singh,"['filmi', 'modern bollywood']",92796252,Arijit Singh - India Tour Hits,2022-11-30
202,Arijit Singh,"['filmi', 'modern bollywood']",92796252,Bismillah,2022-08-14
203,Arijit Singh,"['filmi', 'modern bollywood']",92796252,YRF Top 10 - Nightout Sounds,2021-05-04
204,Arijit Singh,"['filmi', 'modern bollywood']",92796252,YRF Top 10 - Bollywood Remixed,2021-03-31
205,Arijit Singh,"['filmi', 'modern bollywood']",92796252,Pagglait,2021-03-15
206,Arijit Singh,"['filmi', 'modern bollywood']",92796252,YRF Top 10 - Midnight Hour,2021-02-17
207,Arijit Singh,"['filmi', 'modern bollywood']",92796252,Ultimate Love Songs - Arijit Singh,2020-05-19
208,Arijit Singh,"['filmi', 'modern bollywood']",92796252,"Acche Din, Acche Gaane",2019-05-29
209,Arijit Singh,"['filmi', 'modern bollywood']",92796252,Groove With Arijit Singh,2019-05-22
210,Arijit Singh,"['filmi', 'modern bollywood']",92796252,Chokher Bahire (Original Motion Picture Soundtrack),2017-10-27
211,Arijit Singh,"['filmi', 'modern bollywood']",92796252,Murshida and Other Hits,2017-05-10
212,Arijit Singh,"['filmi', 'modern bollywood']",92796252,Yours Truly Arijit,2016-12-09
213,Arijit Singh,"['filmi', 'modern bollywood']",92796252,Arijit Singh - Ultimate Love Songs,2016-02-05
214,Arijit Singh,"['filmi', 'modern bollywood']",92796252,Shudhu Tomari Jonyo,2015-09-13
215,Arijit Singh,"['filmi', 'modern bollywood']",92796252,Golpo Holeo Sotti,2014-06-10
216,Arijit Singh,"['filmi', 'modern bollywood']",92796252,Chander Pahar,2013-12-26
217,Arijit Singh,"['filmi', 'modern bollywood']",92796252,Bojhena Se Bojhena,2012-12-12
218,AP Dhillon,"['desi hip hop', 'desi pop', 'punjabi hip hop', 'punjabi pop']",4373911,Not by Chance,2020-12-23
219,Anirudh Ravichander,"['desi hip hop', 'filmi', 'tamil hip hop']",23144324,Leo (Hindi) [Original Motion Picture Soundtrack],2023-10-20
220,Anirudh Ravichander,"['desi hip hop', 'filmi', 'tamil hip hop']",23144324,Leo (Original Motion Picture Soundtrack),2023-10-19
221,Anirudh Ravichander,"['desi hip hop', 'filmi', 'tamil hip hop']",23144324,Jawan,2023-09-05
222,Anirudh Ravichander,"['desi hip hop', 'filmi', 'tamil hip hop']",23144324,Rajini The Jailer (Original Motion Picture Soundtrack),2023-08-11
223,Anirudh Ravichander,"['desi hip hop', 'filmi', 'tamil hip hop']",23144324,Rajini The Jailer (Original Motion Picture Soundtrack),2023-08-10
224,Anirudh Ravichander,"['desi hip hop', 'filmi', 'tamil hip hop']",23144324,Jailer (Original Motion Picture Soundtrack),2023-08-10
225,Anirudh Ravichander,"['desi hip hop', 'filmi', 'tamil hip hop']",23144324,Jailer (Original Motion Picture Soundtrack),2023-07-28
226,Anirudh Ravichander,"['desi hip hop', 'filmi', 'tamil hip hop']",23144324,Love Waves (Tamil),2023-07-14
227,Anirudh Ravichander,"['desi hip hop', 'filmi', 'tamil hip hop']",23144324,Rockstar Anirudh Special,2023-02-24
228,Anirudh Ravichander,"['desi hip hop', 'filmi', 'tamil hip hop']",23144324,Thiruchitrambalam (Original Motion Picture Soundtrack),2022-09-24
229,Anirudh Ravichander,"['desi hip hop', 'filmi', 'tamil hip hop']",23144324,Vikram (Original Background Score),2022-07-07
230,Anirudh Ravichander,"['desi hip hop', 'filmi', 'tamil hip hop']",23144324,Beast (Original Background Score),2022-06-22
231,Anirudh Ravichander,"['desi hip hop', 'filmi', 'tamil hip hop']",23144324,Doctor (Original Background Score),2021-10-18
232,Anirudh Ravichander,"['desi hip hop', 'filmi', 'tamil hip hop']",23144324,Master (Original Background Score),2021-02-08
233,Anirudh Ravichander,"['desi hip hop', 'filmi', 'tamil hip hop']",23144324,Vijay the Master (Original Motion Picture Soundtrack),2021-01-11
234,Anirudh Ravichander,"['desi hip hop', 'filmi', 'tamil hip hop']",23144324,Master (Kannada) [Original Motion Picture Soundtrack],2021-01-11
235,Anirudh Ravichander,"['desi hip hop', 'filmi', 'tamil hip hop']",23144324,Master (Telugu) [Original Motion Picture Soundtrack],2021-01-08
236,Anirudh Ravichander,"['desi hip hop', 'filmi', 'tamil hip hop']",23144324,Velaiyilla Pattathari (Original Sound Track),2020-04-01
237,Anirudh Ravichander,"['desi hip hop', 'filmi', 'tamil hip hop']",23144324,Master (Original Motion Picture Soundtrack),2020-03-16
238,Anirudh Ravichander,"['desi hip hop', 'filmi', 'tamil hip hop']",23144324,Petta (Original Background Score),2019-02-04
239,Anirudh Ravichander,"['desi hip hop', 'filmi', 'tamil hip hop']",23144324,Petta (Telugu) [Original Motion Picture Soundtrack],2018-12-20
240,Anirudh Ravichander,"['desi hip hop', 'filmi', 'tamil hip hop']",23144324,Petta (Hindi) [Original Motion Picture Soundtrack],2018-12-20
241,Anirudh Ravichander,"['desi hip hop', 'filmi', 'tamil hip hop']",23144324,Petta (Original Motion Picture Soundtrack),2018-12-10
242,Anirudh Ravichander,"['desi hip hop', 'filmi', 'tamil hip hop']",23144324,Bromance: Anirudh Ravichander & Sivakarthikeyan,2018-03-23
243,Anirudh Ravichander,"['desi hip hop', 'filmi', 'tamil hip hop']",23144324,Mass Level : Anirudh Ravichander,2017-08-18
244,Anirudh Ravichander,"['desi hip hop', 'filmi', 'tamil hip hop']",23144324,Vivekam (Original Motion Picture Soundtrack),2017-08-16
245,Anirudh Ravichander,"['desi hip hop', 'filmi', 'tamil hip hop']",23144324,Vivegam (Original Motion Picture Soundtrack),2017-08-07
246,Anirudh Ravichander,"['desi hip hop', 'filmi', 'tamil hip hop']",23144324,Chill Level : Anirudh Ravichander,2017-08-04
247,Anirudh Ravichander,"['desi hip hop', 'filmi', 'tamil hip hop']",23144324,Young Mavericks (Anirudh & Santhosh Narayanan),2016-11-11
248,Anirudh Ravichander,"['desi hip hop', 'filmi', 'tamil hip hop']",23144324,Rum (Original Motion Picture Soundtrack),2016-11-02
249,Anirudh Ravichander,"['desi hip hop', 'filmi', 'tamil hip hop']",23144324,Remo Special (Original Background Score + Additional Song),2016-10-21
250,Anirudh Ravichander,"['desi hip hop', 'filmi', 'tamil hip hop']",23144324,Remo (Original Motion Picture Soundtrack),2016-09-05
251,Anirudh Ravichander,"['desi hip hop', 'filmi', 'tamil hip hop']",23144324,Wunderboy Anirudh,2016-03-03
252,Anirudh Ravichander,"['desi hip hop', 'filmi', 'tamil hip hop']",23144324,Naanum Rowdy Dhaan (Dialogues) (Original Motion Picture Soundtrack),2015-09-28
253,Anirudh Ravichander,"['desi hip hop', 'filmi', 'tamil hip hop']",23144324,Kaaki Sattai (Original Motion Picture Soundtrack),2014-12-12
254,Anirudh Ravichander,"['desi hip hop', 'filmi', 'tamil hip hop']",23144324,Yaare Nee Hudugi,2014-08-01
255,Anirudh Ravichander,"['desi hip hop', 'filmi', 'tamil hip hop']",23144324,Maan Karate Special (Original Motion Picture Soundtrack),2014-07-11
256,Anirudh Ravichander,"['desi hip hop', 'filmi', 'tamil hip hop']",23144324,Velai Illa Pattadhaari (Original Motion Picture Soundtrack),2014-02-14
257,Anirudh Ravichander,"['desi hip hop', 'filmi', 'tamil hip hop']",23144324,Vanakkam Chennai (Original Motion Picture Soundtrack),2013-07-31
258,Anirudh Ravichander,"['desi hip hop', 'filmi', 'tamil hip hop']",23144324,3 (Original Motion Picture Soundtrack),2012-04-19
259,Anirudh Ravichander,"['desi hip hop', 'filmi', 'tamil hip hop']",23144324,3 (Original Motion Picture Soundtrack),2012-03-22
260,Anirudh Ravichander,"['desi hip hop', 'filmi', 'tamil hip hop']",23144324,3 (Original Motion Picture Soundtrack),2011-12-23
261,Anirudh Ravichander,"['desi hip hop', 'filmi', 'tamil hip hop']",23144324,Marupdaiyum Oru Kadhaal,2010-07-01
262,Atif Aslam,"['classic pakistani pop', 'filmi', 'modern bollywood', 'sufi']",18512357,YRF Top 10 - Falling in Love,2021-02-13
263,Atif Aslam,"['classic pakistani pop', 'filmi', 'modern bollywood', 'sufi']",18512357,Meri Kahani,2007-01-16
264,Atif Aslam,"['classic pakistani pop', 'filmi', 'modern bollywood', 'sufi']",18512357,Doorie,2006-12-22
265,Alec Benjamin,"['alt z', 'pop', 'pov: indie']",4622268,(Un)Commentary,2022-04-15
266,Alec Benjamin,"['alt z', 'pop', 'pov: indie']",4622268,These Two Windows,2020-05-29
267,Alec Benjamin,"['alt z', 'pop', 'pov: indie']",4622268,Narrated For You,2018-11-16
268,Ariana Grande,['pop'],94156577,Yours Truly (Tenth Anniversary Edition),2023-08-25
269,Ariana Grande,['pop'],94156577,Positions (Deluxe),2021-02-19
270,Ariana Grande,['pop'],94156577,Positions,2020-10-30
271,Ariana Grande,['pop'],94156577,k bye for now (swt live),2019-12-23
272,Ariana Grande,['pop'],94156577,"thank u, next",2019-02-08
273,Ariana Grande,['pop'],94156577,Sweetener,2018-08-17
274,Ariana Grande,['pop'],94156577,Dangerous Woman,2016-05-20
275,Ariana Grande,['pop'],94156577,My Everything (Deluxe),2014-08-25
276,Ariana Grande,['pop'],94156577,Yours Truly,2013-01-01
277,Glass Animals,"['gauze pop', 'indietronica', 'modern rock', 'pov: indie', 'shiver pop']",3915145,Dreamland (Real Life Edition),2022-08-05
278,Glass Animals,"['gauze pop', 'indietronica', 'modern rock', 'pov: indie', 'shiver pop']",3915145,Dreamland (+ Bonus Levels 2.0),2021-09-10
279,Glass Animals,"['gauze pop', 'indietronica', 'modern rock', 'pov: indie', 'shiver pop']",3915145,Dreamland (+ Bonus Levels),2021-09-09
280,Glass Animals,"['gauze pop', 'indietronica', 'modern rock', 'pov: indie', 'shiver pop']",3915145,Dreamland,2020-08-07
281,Glass Animals,"['gauze pop', 'indietronica', 'modern rock', 'pov: indie', 'shiver pop']",3915145,How To Be A Human Being,2016-08-26
282,Glass Animals,"['gauze pop', 'indietronica', 'modern rock', 'pov: indie', 'shiver pop']",3915145,Remixes,2015-02-17
283,Glass Animals,"['gauze pop', 'indietronica', 'modern rock', 'pov: indie', 'shiver pop']",3915145,ZABA (Deluxe),2014-06-06
284,Glass Animals,"['gauze pop', 'indietronica', 'modern rock', 'pov: indie', 'shiver pop']",3915145,ZABA,2014-06-03
285,Ash King,"['filmi', 'modern bollywood']",1559656,Indipop Top Hits,2019-05-06
286,BLACKPINK,"['k-pop', 'k-pop girl group', 'pop']",46193145,BORN PINK,2022-09-16
287,BLACKPINK,"['k-pop', 'k-pop girl group', 'pop']",46193145,BLACKPINK 2021 'THE SHOW' LIVE,2021-06-01
288,BLACKPINK,"['k-pop', 'k-pop girl group', 'pop']",46193145,THE ALBUM,2020-10-02
289,BLACKPINK,"['k-pop', 'k-pop girl group', 'pop']",46193145,BLACKPINK 2019-2020 WORLD TOUR IN YOUR AREA -TOKYO DOME- (Live),2020-05-14
290,BLACKPINK,"['k-pop', 'k-pop girl group', 'pop']",46193145,'BLACKPINK 2018 TOUR 'IN YOUR AREA' SEOUL - Live,2019-08-30
291,BLACKPINK,"['k-pop', 'k-pop girl group', 'pop']",46193145,"BLACKPINK ARENA TOUR 2018 ""SPECIAL FINAL IN KYOCERA DOME OSAKA""",2019-03-13
292,BLACKPINK,"['k-pop', 'k-pop girl group', 'pop']",46193145,BLACKPINK IN YOUR AREA (Japanese Version),2018-12-05
293,Billie Eilish,"['art pop', 'pop']",87760945,Happier Than Ever,2021-07-30
294,Billie Eilish,"['art pop', 'pop']",87760945,"WHEN WE ALL FALL ASLEEP, WHERE DO WE GO?",2019-03-29
295,B.I,['k-pop'],717591,TO DIE FOR,2023-06-01
296,B.I,['k-pop'],717591,COSMOS,2021-11-11
297,B.I,['k-pop'],717591,WATERFALL,2021-06-01
298,Benny Dayal,"['filmi', 'modern bollywood']",4243682,Unacademy Unwind,2023-02-03
299,Benny Dayal,"['filmi', 'modern bollywood']",4243682,Yuvan,2011-09-14
300,benny blanco,['pop'],1073145,FRIENDS KEEP SECRETS 2,2021-03-26
301,benny blanco,['pop'],1073145,FRIENDS KEEP SECRETS,2018-12-07
302,Charlie Puth,"['pop', 'viral pop']",21500753,CHARLIE,2022-10-07
303,Charlie Puth,"['pop', 'viral pop']",21500753,Voicenotes,2018-05-11
304,Charlie Puth,"['pop', 'viral pop']",21500753,Nine Track Mind (Deluxe Edition),2016-11-11
305,Charlie Puth,"['pop', 'viral pop']",21500753,Nine Track Mind,2016-01-29
306,Coldplay,"['permanent wave', 'pop']",47584694,Music Of The Spheres,2021-10-15
307,Coldplay,"['permanent wave', 'pop']",47584694,Everyday Life,2019-11-22
308,Coldplay,"['permanent wave', 'pop']",47584694,Live in Buenos Aires,2018-12-07
309,Coldplay,"['permanent wave', 'pop']",47584694,A Head Full of Dreams,2015-12-04
310,Coldplay,"['permanent wave', 'pop']",47584694,Ghost Stories Live 2014,2014-11-21
311,Coldplay,"['permanent wave', 'pop']",47584694,Ghost Stories,2014-05-19
312,Coldplay,"['permanent wave', 'pop']",47584694,Live 2012,2012-11-19
313,Coldplay,"['permanent wave', 'pop']",47584694,Mylo Xyloto,2011-10-24
314,Coldplay,"['permanent wave', 'pop']",47584694,LeftRightLeftRightLeft (Live),2009-05-15
315,Coldplay,"['permanent wave', 'pop']",47584694,Viva La Vida (Prospekt's March Edition),2008-11-24
316,Coldplay,"['permanent wave', 'pop']",47584694,Viva La Vida or Death and All His Friends,2008-05-26
317,Coldplay,"['permanent wave', 'pop']",47584694,X&Y,2005-06-07
318,Coldplay,"['permanent wave', 'pop']",47584694,Live 2003,2003-11-01
319,Coldplay,"['permanent wave', 'pop']",47584694,A Rush of Blood to the Head,2002-08-08
320,Coldplay,"['permanent wave', 'pop']",47584694,Parachutes,2000-07-10
321,Conan Gray,"['bedroom pop', 'pop', 'pov: indie']",8505782,Superache,2022-06-24
322,Conan Gray,"['bedroom pop', 'pop', 'pov: indie']",8505782,Kid Krow,2020-03-20
323,The Chainsmokers,['pop'],20337521,Summertime Friends,2023-10-20
324,The Chainsmokers,['pop'],20337521,So Far So Good (lofi remixes),2022-10-21
325,The Chainsmokers,['pop'],20337521,So Far So Good,2022-06-08
326,The Chainsmokers,['pop'],20337521,World War Joy,2019-12-06
327,The Chainsmokers,['pop'],20337521,Sick Boy,2018-12-14
328,The Chainsmokers,['pop'],20337521,Memories...Do Not Open,2017-04-07
329,Doja Cat,"['dance pop', 'pop']",26878668,Scarlet,2023-09-22
330,Doja Cat,"['dance pop', 'pop']",26878668,Planet Her (Deluxe),2021-06-27
331,Doja Cat,"['dance pop', 'pop']",26878668,Planet Her,2021-06-25
332,Doja Cat,"['dance pop', 'pop']",26878668,Hot Pink,2019-11-07
333,Doja Cat,"['dance pop', 'pop']",26878668,Amala (Deluxe Version),2019-03-01
334,Doja Cat,"['dance pop', 'pop']",26878668,Amala,2018-03-30
335,Doja Cat,"['dance pop', 'pop']",26878668,Scarlet,2023-09-22
336,Doja Cat,"['dance pop', 'pop']",26878668,Planet Her (Deluxe),2021-06-27
337,Doja Cat,"['dance pop', 'pop']",26878668,Planet Her,2021-06-25
338,Doja Cat,"['dance pop', 'pop']",26878668,Hot Pink,2019-11-07
339,Doja Cat,"['dance pop', 'pop']",26878668,Amala (Deluxe Version),2019-03-01
340,Doja Cat,"['dance pop', 'pop']",26878668,Amala,2018-03-30
341,Daddy Yankee,"['latin hip hop', 'reggaeton', 'trap latino', 'urbano latino']",33716761,LEGENDADDY,2022-03-25
342,Daddy Yankee,"['latin hip hop', 'reggaeton', 'trap latino', 'urbano latino']",33716761,"2K20, Pt. 3 (Live)",2020-12-25
343,Daddy Yankee,"['latin hip hop', 'reggaeton', 'trap latino', 'urbano latino']",33716761,"2K20, Pt. 2 (Live)",2020-12-12
344,Daddy Yankee,"['latin hip hop', 'reggaeton', 'trap latino', 'urbano latino']",33716761,"2K20, Pt. 1 (Live)",2020-12-04
345,Daddy Yankee,"['latin hip hop', 'reggaeton', 'trap latino', 'urbano latino']",33716761,King Daddy,2013-01-01
346,Daddy Yankee,"['latin hip hop', 'reggaeton', 'trap latino', 'urbano latino']",33716761,Prestige,2012-01-01
347,Daddy Yankee,"['latin hip hop', 'reggaeton', 'trap latino', 'urbano latino']",33716761,Mundial (Deluxe Version),2010-04-27
348,Daddy Yankee,"['latin hip hop', 'reggaeton', 'trap latino', 'urbano latino']",33716761,Talento de Barrio,2008-08-12
349,Daddy Yankee,"['latin hip hop', 'reggaeton', 'trap latino', 'urbano latino']",33716761,El Cartel: The Big Boss,2007-06-05
350,Daddy Yankee,"['latin hip hop', 'reggaeton', 'trap latino', 'urbano latino']",33716761,Barrio Fino En Directo,2005-01-01
351,Daddy Yankee,"['latin hip hop', 'reggaeton', 'trap latino', 'urbano latino']",33716761,Barrio Fino (Bonus Track Version),2004-07-13
352,Daddy Yankee,"['latin hip hop', 'reggaeton', 'trap latino', 'urbano latino']",33716761,Los Homerun-es,2003-09-23
353,Daddy Yankee,"['latin hip hop', 'reggaeton', 'trap latino', 'urbano latino']",33716761,El Cangri.com,2002-06-20
354,DJ Snake,"['edm', 'electronic trap', 'pop', 'pop dance']",8682814,Carte Blanche (Deluxe),2020-02-21
355,DJ Snake,"['edm', 'electronic trap', 'pop', 'pop dance']",8682814,Carte Blanche,2019-07-25
356,DJ Snake,"['edm', 'electronic trap', 'pop', 'pop dance']",8682814,Encore,2016-08-05
357,Eminem,"['detroit hip hop', 'hip hop', 'rap']",77489170,Curtain Call 2,2022-08-05
358,Eminem,"['detroit hip hop', 'hip hop', 'rap']",77489170,The Eminem Show (Expanded Edition),2022-05-26
359,Eminem,"['detroit hip hop', 'hip hop', 'rap']",77489170,Music To Be Murdered By - Side B (Deluxe Edition),2020-12-18
360,Eminem,"['detroit hip hop', 'hip hop', 'rap']",77489170,Music To Be Murdered By,2020-01-17
361,Eminem,"['detroit hip hop', 'hip hop', 'rap']",77489170,Kamikaze,2018-08-31
362,Eminem,"['detroit hip hop', 'hip hop', 'rap']",77489170,Revival,2017-12-15
363,Eminem,"['detroit hip hop', 'hip hop', 'rap']",77489170,The Marshall Mathers LP2 (Deluxe),2013-11-05
364,Eminem,"['detroit hip hop', 'hip hop', 'rap']",77489170,Recovery (Deluxe Edition),2010-06-21
365,Eminem,"['detroit hip hop', 'hip hop', 'rap']",77489170,Recovery,2010-06-18
366,Eminem,"['detroit hip hop', 'hip hop', 'rap']",77489170,Relapse: Refill,2009-05-15
367,Eminem,"['detroit hip hop', 'hip hop', 'rap']",77489170,Relapse [Deluxe],2009-05-15
368,Eminem,"['detroit hip hop', 'hip hop', 'rap']",77489170,Relapse,2009-05-15
369,Eminem,"['detroit hip hop', 'hip hop', 'rap']",77489170,Encore (Deluxe Version),2004-11-12
370,Eminem,"['detroit hip hop', 'hip hop', 'rap']",77489170,The Eminem Show,2002-05-26
371,Eminem,"['detroit hip hop', 'hip hop', 'rap']",77489170,The Marshall Mathers LP,2001-08-20
372,Eminem,"['detroit hip hop', 'hip hop', 'rap']",77489170,The Slim Shady LP (Expanded Edition),1999-02-23
373,Eminem,"['detroit hip hop', 'hip hop', 'rap']",77489170,The Slim Shady LP,1999-02-23
374,ENHYPEN,"['anime', 'k-pop boy group']",6758255,定め,2022-10-25
375,ENHYPEN,"['anime', 'k-pop boy group']",6758255,DIMENSION : ANSWER,2022-01-10
376,ENHYPEN,"['anime', 'k-pop boy group']",6758255,DIMENSION : DILEMMA,2021-10-12
377,Ellie Goulding,"['indietronica', 'metropopolis', 'pop', 'uk pop']",12297061,Higher Than Heaven (Deluxe),2023-04-07
378,Ellie Goulding,"['indietronica', 'metropopolis', 'pop', 'uk pop']",12297061,Brightest Blue,2020-07-17
379,Ellie Goulding,"['indietronica', 'metropopolis', 'pop', 'uk pop']",12297061,Lights 10,2020-02-26
380,Ellie Goulding,"['indietronica', 'metropopolis', 'pop', 'uk pop']",12297061,Delirium (Deluxe),2015-11-06
381,Ellie Goulding,"['indietronica', 'metropopolis', 'pop', 'uk pop']",12297061,Halcyon Days,2014-01-01
382,Ellie Goulding,"['indietronica', 'metropopolis', 'pop', 'uk pop']",12297061,Halcyon Nights,2012-10-12
383,Ellie Goulding,"['indietronica', 'metropopolis', 'pop', 'uk pop']",12297061,Halcyon,2012-01-01
384,Ellie Goulding,"['indietronica', 'metropopolis', 'pop', 'uk pop']",12297061,Lights,2011-03-08
385,Ellie Goulding,"['indietronica', 'metropopolis', 'pop', 'uk pop']",12297061,Bright Lights (Lights Re-pack / Bonus Version),2010-01-01
386,EXO,"['k-pop', 'k-pop boy group']",9730829,EXIST – The 7th Album,2023-07-10
387,EXO,"['k-pop', 'k-pop boy group']",9730829,EXO PLANET #5 –EXplOration– Live Album,2020-04-21
388,EXO,"['k-pop', 'k-pop boy group']",9730829,OBSESSION – The 6th Album,2019-11-27
389,EXO,"['k-pop', 'k-pop boy group']",9730829,EXO PLANET #4–The EℓyXiOn [dot]–Live Album,2019-01-30
390,EXO,"['k-pop', 'k-pop boy group']",9730829,LOVE SHOT– The 5th Album Repackage,2018-12-13
391,EXO,"['k-pop', 'k-pop boy group']",9730829,DON’T MESS UP MY TEMPO – The 5th Album,2018-11-02
392,EXO,"['k-pop', 'k-pop boy group']",9730829,EXO PLANET #3 -The EXO'rDIUM[dot]- Live Album,2017-10-25
393,EXO,"['k-pop', 'k-pop boy group']",9730829,THE WAR - The 4th Album (Chinese Version),2017-07-18
394,EXO,"['k-pop', 'k-pop boy group']",9730829,THE WAR - The 4th Album,2017-07-18
395,EXO,"['k-pop', 'k-pop boy group']",9730829,LOTTO - The 3rd Album Repackage,2016-08-18
396,EXO,"['k-pop', 'k-pop boy group']",9730829,EX'ACT,2016-06-09
397,EXO,"['k-pop', 'k-pop boy group']",9730829,LOVE ME RIGHT - The 2nd Album Repackage (Chinese Version),2015-06-03
398,EXO,"['k-pop', 'k-pop boy group']",9730829,LOVE ME RIGHT - The 2nd Album Repackage,2015-06-03
399,EXO,"['k-pop', 'k-pop boy group']",9730829,EXODUS - The 2nd Album (Chinese Version),2015-03-30
400,EXO,"['k-pop', 'k-pop boy group']",9730829,EXODUS - The 2nd Album,2015-03-30
401,EXO,"['k-pop', 'k-pop boy group']",9730829,EXOLOGY CHAPTER 1: THE LOST PLANET (Live),2014-12-23
402,EXO,"['k-pop', 'k-pop boy group']",9730829,The 1st Album 'XOXO' (Repackage),2013-08-05
403,(G)I-DLE,['k-pop girl group'],7604170,I NEVER DIE,2022-03-14
404,Guru Randhawa,"['filmi', 'modern bollywood']",17260045,Man Of The Moon,2022-08-22
405,Guru Randhawa,"['filmi', 'modern bollywood']",17260045,High Rated Gabru - Guru Randhawa,2019-03-02
406,Justin Bieber,"['canadian pop', 'pop']",74206991,Justice (The Complete Edition),2021-10-08
407,Justin Bieber,"['canadian pop', 'pop']",74206991,Justice (Triple Chucks Deluxe),2021-03-26
408,Justin Bieber,"['canadian pop', 'pop']",74206991,Justice,2021-03-19
409,Justin Bieber,"['canadian pop', 'pop']",74206991,Changes,2020-02-14
410,Justin Bieber,"['canadian pop', 'pop']",74206991,Purpose (Deluxe),2015-11-13
411,Justin Bieber,"['canadian pop', 'pop']",74206991,Journals,2014-05-13
412,Justin Bieber,"['canadian pop', 'pop']",74206991,Believe Acoustic,2013-01-01
413,Justin Bieber,"['canadian pop', 'pop']",74206991,Believe (Deluxe Edition),2012-06-15
414,Justin Bieber,"['canadian pop', 'pop']",74206991,Believe,2012-01-01
415,Justin Bieber,"['canadian pop', 'pop']",74206991,Under The Mistletoe (Deluxe Edition),2011-01-01
416,Justin Bieber,"['canadian pop', 'pop']",74206991,Under The Mistletoe,2011-01-01
417,Justin Bieber,"['canadian pop', 'pop']",74206991,Never Say Never - The Remixes,2011-01-01
418,Justin Bieber,"['canadian pop', 'pop']",74206991,My Worlds (International Version),2010-01-01
419,Justin Bieber,"['canadian pop', 'pop']",74206991,My World 2.0,2010-01-01
420,Justin Bieber,"['canadian pop', 'pop']",74206991,My World,2009-01-01
421,Drake,"['canadian hip hop', 'canadian pop', 'hip hop', 'pop rap', 'rap']",80854202,For All The Dogs,2023-10-06
422,Drake,"['canadian hip hop', 'canadian pop', 'hip hop', 'pop rap', 'rap']",80854202,Her Loss,2022-11-04
423,Drake,"['canadian hip hop', 'canadian pop', 'hip hop', 'pop rap', 'rap']",80854202,"Honestly, Nevermind",2022-06-17
424,Drake,"['canadian hip hop', 'canadian pop', 'hip hop', 'pop rap', 'rap']",80854202,Certified Lover Boy,2021-09-03
425,Drake,"['canadian hip hop', 'canadian pop', 'hip hop', 'pop rap', 'rap']",80854202,Dark Lane Demo Tapes,2020-05-01
426,Drake,"['canadian hip hop', 'canadian pop', 'hip hop', 'pop rap', 'rap']",80854202,Care Package,2019-08-02
427,Drake,"['canadian hip hop', 'canadian pop', 'hip hop', 'pop rap', 'rap']",80854202,Scorpion,2018-06-29
428,Drake,"['canadian hip hop', 'canadian pop', 'hip hop', 'pop rap', 'rap']",80854202,More Life,2017-03-18
429,Drake,"['canadian hip hop', 'canadian pop', 'hip hop', 'pop rap', 'rap']",80854202,Views,2016-05-06
430,Drake,"['canadian hip hop', 'canadian pop', 'hip hop', 'pop rap', 'rap']",80854202,What A Time To Be Alive,2015-09-20
431,Drake,"['canadian hip hop', 'canadian pop', 'hip hop', 'pop rap', 'rap']",80854202,If You're Reading This It's Too Late,2015-02-12
432,Drake,"['canadian hip hop', 'canadian pop', 'hip hop', 'pop rap', 'rap']",80854202,Nothing Was The Same (Deluxe),2013-01-01
433,Drake,"['canadian hip hop', 'canadian pop', 'hip hop', 'pop rap', 'rap']",80854202,Nothing Was The Same,2013-01-01
434,Drake,"['canadian hip hop', 'canadian pop', 'hip hop', 'pop rap', 'rap']",80854202,Take Care (Deluxe),2011-11-15
435,Drake,"['canadian hip hop', 'canadian pop', 'hip hop', 'pop rap', 'rap']",80854202,Thank Me Later (Int'l Version),2010-01-01
436,Drake,"['canadian hip hop', 'canadian pop', 'hip hop', 'pop rap', 'rap']",80854202,Thank Me Later,2010-01-01
437,Drake,"['canadian hip hop', 'canadian pop', 'hip hop', 'pop rap', 'rap']",80854202,So Far Gone,1905-07-01
438,Kanye West,"['chicago rap', 'hip hop', 'rap']",21613869,Donda (Deluxe),2021-11-14
439,Kanye West,"['chicago rap', 'hip hop', 'rap']",21613869,Donda,2021-08-29
440,Kanye West,"['chicago rap', 'hip hop', 'rap']",21613869,JESUS IS KING,2019-10-25
441,Kanye West,"['chicago rap', 'hip hop', 'rap']",21613869,KIDS SEE GHOSTS,2018-06-08
442,Kanye West,"['chicago rap', 'hip hop', 'rap']",21613869,ye,2018-06-01
443,Kanye West,"['chicago rap', 'hip hop', 'rap']",21613869,The Life Of Pablo,2016-06-10
444,Kanye West,"['chicago rap', 'hip hop', 'rap']",21613869,Yeezus,2013-06-18
445,Kanye West,"['chicago rap', 'hip hop', 'rap']",21613869,Watch The Throne (Deluxe),2011-08-12
446,Kanye West,"['chicago rap', 'hip hop', 'rap']",21613869,Watch The Throne,2011-08-08
447,Kanye West,"['chicago rap', 'hip hop', 'rap']",21613869,My Beautiful Dark Twisted Fantasy,2010-11-22
448,Kanye West,"['chicago rap', 'hip hop', 'rap']",21613869,808s & Heartbreak,2008-11-24
449,Kanye West,"['chicago rap', 'hip hop', 'rap']",21613869,Graduation,2007-09-11
450,Kanye West,"['chicago rap', 'hip hop', 'rap']",21613869,Late Registration,2005-08-30
451,Kanye West,"['chicago rap', 'hip hop', 'rap']",21613869,The College Dropout,2004-02-10
452,Khalid,"['pop', 'pop r&b']",16134585,Scenic Drive (The Tape),2021-12-03
453,Khalid,"['pop', 'pop r&b']",16134585,Free Spirit,2019-04-05
454,Khalid,"['pop', 'pop r&b']",16134585,Suncity,2018-10-19
455,Khalid,"['pop', 'pop r&b']",16134585,American Teen,2017-04-27
456,Jung Kook,['k-pop'],10508508,3D : The Remixes,2023-10-02
457,Lil Nas X,['lgbtq+ hip hop'],12470306,MONTERO,2021-09-17
458,Lauv,['pop'],6001800,All 4 Nothing,2022-08-05
459,Lauv,['pop'],6001800,~how i'm feeling~,2020-03-06
460,Lauv,['pop'],6001800,~how i'm feeling~ (the extras),2019-12-20
461,Lauv,['pop'],6001800,I met you when I was 18. (the playlist),2018-05-31
462,Lauv,['pop'],6001800,I met you when I was 18. (the extras),2018-05-31
463,LE SSERAFIM,['k-pop girl group'],3264888,UNFORGIVEN,2023-05-01
464,One Direction,"['boy band', 'pop', 'post-teen pop', 'talent show']",33512195,Made In The A.M. (Deluxe Edition),2015-11-13
465,One Direction,"['boy band', 'pop', 'post-teen pop', 'talent show']",33512195,FOUR (Deluxe),2014-11-17
466,One Direction,"['boy band', 'pop', 'post-teen pop', 'talent show']",33512195,Midnight Memories (Deluxe),2013-11-25
467,One Direction,"['boy band', 'pop', 'post-teen pop', 'talent show']",33512195,Take Me Home (Expanded Edition),2012-11-12
468,One Direction,"['boy band', 'pop', 'post-teen pop', 'talent show']",33512195,Up All Night,2012-05-25
469,Olivia Rodrigo,['pop'],29178738,GUTS,2023-09-08
470,Olivia Rodrigo,['pop'],29178738,SOUR,2021-05-21
471,OneRepublic,"['piano rock', 'pop']",16326601,Top Gun: Maverick (Music From The Motion Picture),2022-05-27
472,OneRepublic,"['piano rock', 'pop']",16326601,One Night In Malibu,2022-02-04
473,OneRepublic,"['piano rock', 'pop']",16326601,Human (Deluxe),2021-08-27
474,OneRepublic,"['piano rock', 'pop']",16326601,Oh My My (Deluxe),2016-12-02
475,OneRepublic,"['piano rock', 'pop']",16326601,Oh My My,2016-12-02
476,OneRepublic,"['piano rock', 'pop']",16326601,Native,2014-01-01
477,OneRepublic,"['piano rock', 'pop']",16326601,Waking Up,2009-01-01
478,OneRepublic,"['piano rock', 'pop']",16326601,Waking Up (International Deluxe Version),1905-07-01
479,OneRepublic,"['piano rock', 'pop']",16326601,Dreaming Out Loud (Deluxe),2007-11-20
480,OneRepublic,"['piano rock', 'pop']",16326601,Dreaming Out Loud,2007-11-20
481,5 Seconds of Summer,"['boy band', 'pop']",9690729,The Feeling of Falling Upwards (Live from The Royal Albert Hall),2023-04-14
482,5 Seconds of Summer,"['boy band', 'pop']",9690729,5SOS5,2022-09-23
483,5 Seconds of Summer,"['boy band', 'pop']",9690729,CALM,2020-03-27
484,5 Seconds of Summer,"['boy band', 'pop']",9690729,Meet You There Tour Live,2018-12-21
485,5 Seconds of Summer,"['boy band', 'pop']",9690729,Youngblood (Deluxe),2018-06-15
486,5 Seconds of Summer,"['boy band', 'pop']",9690729,Sounds Good Feels Good (Deluxe),2015-10-23
487,5 Seconds of Summer,"['boy band', 'pop']",9690729,5 Seconds Of Summer (B-Sides And Rarities),2014-06-27
488,5 Seconds of Summer,"['boy band', 'pop']",9690729,5 Seconds Of Summer,2014-06-27
489,5 Seconds of Summer,"['boy band', 'pop']",9690729,LIVESOS,2014-01-01
490,5 Seconds of Summer,"['boy band', 'pop']",9690729,She Looks So Perfect (B-Sides),1905-07-06
491,PSY,"['k-rap', 'korean old school hip hop']",1643494,PSY 9th,2022-04-29
492,PSY,"['k-rap', 'korean old school hip hop']",1643494,PSY 8th 4X2=8,2017-05-10
493,PSY,"['k-rap', 'korean old school hip hop']",1643494,PSY 7TH ALBUM,2015-12-01
494,PSY,"['k-rap', 'korean old school hip hop']",1643494,Psyfive,2010-10-20
495,PSY,"['k-rap', 'korean old school hip hop']",1643494,싸집,2006-07-24
496,PSY,"['k-rap', 'korean old school hip hop']",1643494,Psy From The Psycho World,2005-10-10
497,PSY,"['k-rap', 'korean old school hip hop']",1643494,PSY 2집,2005-10-10
498,PSY,"['k-rap', 'korean old school hip hop']",1643494,REMAKE & MIX No. 18,2005-07-22
499,PSY,"['k-rap', 'korean old school hip hop']",1643494,Psy 3,2002-09-25
500,Paradox,"['desi emo rap', 'desi hip hop', 'desi pop', 'desi trap']",985468,Mtv Hustle 2.0,2023-05-11
501,Paradox,"['desi emo rap', 'desi hip hop', 'desi pop', 'desi trap']",985468,Mtv Hustle 2.0,2023-03-30
502,Paradox,"['desi emo rap', 'desi hip hop', 'desi pop', 'desi trap']",985468,Overthink,2022-09-25
503,Christina Perri,['pop'],3703751,songs for pixie,2023-10-20
504,Christina Perri,['pop'],3703751,a lighter shade of blue,2022-07-15
505,Christina Perri,['pop'],3703751,songs for rosie,2021-11-24
506,Christina Perri,['pop'],3703751,songs for carmella: lullabies & sing-a-longs,2019-01-17
507,Christina Perri,['pop'],3703751,head or heart,2014-03-28
508,Christina Perri,['pop'],3703751,a very merry perri christmas (extra presents),2012-10-16
509,Christina Perri,['pop'],3703751,lovestrong.,2011-05-10
510,RM,['k-rap'],15207474,Indigo,2022-12-02
511,RM,['k-rap'],15207474,mono.,2018-10-23
512,Rihanna,"['barbadian pop', 'pop', 'urban contemporary']",57984928,Black Panther: Wakanda Forever - Music From and Inspired By,2022-11-11
513,Rihanna,"['barbadian pop', 'pop', 'urban contemporary']",57984928,ANTI (Deluxe),2016-01-28
514,Rihanna,"['barbadian pop', 'pop', 'urban contemporary']",57984928,ANTI,2016-01-28
515,Rihanna,"['barbadian pop', 'pop', 'urban contemporary']",57984928,Unapologetic (Deluxe),2012-12-11
516,Rihanna,"['barbadian pop', 'pop', 'urban contemporary']",57984928,Unapologetic,2012-12-11
517,Rihanna,"['barbadian pop', 'pop', 'urban contemporary']",57984928,Talk That Talk (Deluxe),2012-07-18
518,Rihanna,"['barbadian pop', 'pop', 'urban contemporary']",57984928,Talk That Talk,2011-11-19
519,Rihanna,"['barbadian pop', 'pop', 'urban contemporary']",57984928,Loud,2010-11-16
520,Rihanna,"['barbadian pop', 'pop', 'urban contemporary']",57984928,Rated R: Remixed,2010-05-08
521,Rihanna,"['barbadian pop', 'pop', 'urban contemporary']",57984928,Loud (Japan Version),2010-01-01
522,Rihanna,"['barbadian pop', 'pop', 'urban contemporary']",57984928,Rated R,2009-11-20
523,Rihanna,"['barbadian pop', 'pop', 'urban contemporary']",57984928,Good Girl Gone Bad: The Remixes,2009-01-01
524,Rihanna,"['barbadian pop', 'pop', 'urban contemporary']",57984928,Good Girl Gone Bad: Reloaded,2008-06-02
525,Rihanna,"['barbadian pop', 'pop', 'urban contemporary']",57984928,A Girl Like Me,2006-04-10
526,Rihanna,"['barbadian pop', 'pop', 'urban contemporary']",57984928,Music Of The Sun,2005-08-29
527,Ritviz,"['desi hip hop', 'desi pop', 'hindi indie', 'indian edm', 'indian indie']",1268559,Mimmi,2022-09-02
528,Stray Kids,"['k-pop', 'k-pop boy group', 'pop']",13025996,5-STAR,2023-06-02
529,Stray Kids,"['k-pop', 'k-pop boy group', 'pop']",13025996,THE SOUND,2023-02-22
530,Stray Kids,"['k-pop', 'k-pop boy group', 'pop']",13025996,SKZ-REPLAY,2022-12-21
531,Stray Kids,"['k-pop', 'k-pop boy group', 'pop']",13025996,MAXIDENT,2022-10-07
532,Stray Kids,"['k-pop', 'k-pop boy group', 'pop']",13025996,ODDINARY,2022-03-18
533,Stray Kids,"['k-pop', 'k-pop boy group', 'pop']",13025996,SKZ2021,2021-12-23
534,Stray Kids,"['k-pop', 'k-pop boy group', 'pop']",13025996,NOEASY,2021-08-23
535,Stray Kids,"['k-pop', 'k-pop boy group', 'pop']",13025996,ALL IN,2020-10-27
536,Stray Kids,"['k-pop', 'k-pop boy group', 'pop']",13025996,IN LIFE,2020-09-14
537,Stray Kids,"['k-pop', 'k-pop boy group', 'pop']",13025996,GO LIVE,2020-06-17
538,Stray Kids,"['k-pop', 'k-pop boy group', 'pop']",13025996,Clé : LEVANTER,2019-12-09
539,Stray Kids,"['k-pop', 'k-pop boy group', 'pop']",13025996,Clé 2 : Yellow Wood,2019-06-19
540,Stray Kids,"['k-pop', 'k-pop boy group', 'pop']",13025996,Clé 1 : MIROH,2019-03-25
541,Stray Kids,"['k-pop', 'k-pop boy group', 'pop']",13025996,I am YOU,2018-10-22
542,Stray Kids,"['k-pop', 'k-pop boy group', 'pop']",13025996,I am WHO,2018-08-06
543,Stray Kids,"['k-pop', 'k-pop boy group', 'pop']",13025996,I am NOT,2018-03-26
544,Stray Kids,"['k-pop', 'k-pop boy group', 'pop']",13025996,Mixtape,2018-01-08
545,Travis Scott,"['hip hop', 'rap', 'slap house']",24715376,UTOPIA,2023-07-28
546,Travis Scott,"['hip hop', 'rap', 'slap house']",24715376,JACKBOYS,2019-12-27
547,Travis Scott,"['hip hop', 'rap', 'slap house']",24715376,ASTROWORLD,2018-08-03
548,Travis Scott,"['hip hop', 'rap', 'slap house']",24715376,"Huncho Jack, Jack Huncho",2017-12-21
549,Travis Scott,"['hip hop', 'rap', 'slap house']",24715376,Birds In The Trap Sing McKnight,2016-09-16
550,Travis Scott,"['hip hop', 'rap', 'slap house']",24715376,Rodeo,2015-09-04
551,Sia,"['australian dance', 'australian pop', 'pop']",27021516,Everyday Is Christmas (Snowman Deluxe Edition),2022-12-30
552,Sia,"['australian dance', 'australian pop', 'pop']",27021516,Music (Songs From And Inspired By The Motion Picture),2021-02-12
553,Sia,"['australian dance', 'australian pop', 'pop']",27021516,"LABRINTH, SIA & DIPLO PRESENT... LSD",2019-04-12
554,Sia,"['australian dance', 'australian pop', 'pop']",27021516,Everyday Is Christmas (Deluxe Edition),2018-11-01
555,Sia,"['australian dance', 'australian pop', 'pop']",27021516,This Is Acting (Deluxe Version),2016-10-21
556,Sia,"['australian dance', 'australian pop', 'pop']",27021516,This Is Acting,2016-02-18
557,Sia,"['australian dance', 'australian pop', 'pop']",27021516,1000 Forms Of Fear (Deluxe Version),2015-05-04
558,Sia,"['australian dance', 'australian pop', 'pop']",27021516,1000 Forms Of Fear,2014-07-04
559,Sia,"['australian dance', 'australian pop', 'pop']",27021516,We Are Born,2010-06-18
560,Sia,"['australian dance', 'australian pop', 'pop']",27021516,Live from Sydney,2009-01-01
561,Sia,"['australian dance', 'australian pop', 'pop']",27021516,Some People Have REAL Problems,2008-01-01
562,Sia,"['australian dance', 'australian pop', 'pop']",27021516,Lady Croissant (Live),2007-01-01
563,Sia,"['australian dance', 'australian pop', 'pop']",27021516,Colour The Small One (Deluxe Edition),2004-01-01
564,Sia,"['australian dance', 'australian pop', 'pop']",27021516,Colour The Small One,2004-01-01
565,Sia,"['australian dance', 'australian pop', 'pop']",27021516,Healing is Difficult (10th Anniversary Edition) (Deluxe),1905-06-25
566,Sia,"['australian dance', 'australian pop', 'pop']",27021516,Healing Is Difficult (10th Anniversary Edition),1905-06-25
567,Harry Styles,['pop'],29809032,Harry's House,2022-05-20
568,Harry Styles,['pop'],29809032,Fine Line,2019-12-13
569,Harry Styles,['pop'],29809032,Harry Styles,2017-05-12
570,Sabrina Carpenter,['pop'],6194060,emails i can’t send fwd:,2023-03-17
571,Sabrina Carpenter,['pop'],6194060,emails i can't send,2022-07-15
572,Sabrina Carpenter,['pop'],6194060,Singular Act II,2019-07-19
573,Sabrina Carpenter,['pop'],6194060,Singular Act I,2018-11-09
574,Sabrina Carpenter,['pop'],6194060,EVOLution,2016-10-14
575,Sabrina Carpenter,['pop'],6194060,Eyes Wide Open,2015-04-14
576,Troye Sivan,"['australian pop', 'pop', 'viral pop']",7949645,Something To Give Each Other,2023-10-13
577,Troye Sivan,"['australian pop', 'pop', 'viral pop']",7949645,Bloom,2018-08-31
578,Troye Sivan,"['australian pop', 'pop', 'viral pop']",7949645,Blue Neighbourhood (The Remixes),2016-11-18
579,Troye Sivan,"['australian pop', 'pop', 'viral pop']",7949645,Blue Neighbourhood (Deluxe),2015-12-09
580,TOMORROW X TOGETHER,"['k-pop', 'k-pop boy group']",8850907,The Name Chapter: FREEFALL,2023-10-13
581,TOMORROW X TOGETHER,"['k-pop', 'k-pop boy group']",8850907,SWEET,2023-07-04
582,TOMORROW X TOGETHER,"['k-pop', 'k-pop boy group']",8850907,The Chaos Chapter: FIGHT OR ESCAPE,2021-08-17
583,TOMORROW X TOGETHER,"['k-pop', 'k-pop boy group']",8850907,The Chaos Chapter: FREEZE,2021-05-31
584,TOMORROW X TOGETHER,"['k-pop', 'k-pop boy group']",8850907,STILL DREAMING,2021-01-19
585,TOMORROW X TOGETHER,"['k-pop', 'k-pop boy group']",8850907,The Dream Chapter: MAGIC,2019-10-21
586,The Weeknd,"['canadian contemporary r&b', 'canadian pop', 'pop']",73275053,Starboy (Deluxe),2023-03-14
587,The Weeknd,"['canadian contemporary r&b', 'canadian pop', 'pop']",73275053,Live At SoFi Stadium,2023-03-03
588,The Weeknd,"['canadian contemporary r&b', 'canadian pop', 'pop']",73275053,Avatar: The Way of Water (Original Motion Picture Soundtrack),2022-12-15
589,The Weeknd,"['canadian contemporary r&b', 'canadian pop', 'pop']",73275053,Dawn FM (Alternate World),2022-01-07
590,The Weeknd,"['canadian contemporary r&b', 'canadian pop', 'pop']",73275053,Dawn FM,2022-01-06
591,The Weeknd,"['canadian contemporary r&b', 'canadian pop', 'pop']",73275053,After Hours (Deluxe),2020-03-20
592,The Weeknd,"['canadian contemporary r&b', 'canadian pop', 'pop']",73275053,After Hours,2020-03-20
593,The Weeknd,"['canadian contemporary r&b', 'canadian pop', 'pop']",73275053,"My Dear Melancholy,",2018-03-30
594,The Weeknd,"['canadian contemporary r&b', 'canadian pop', 'pop']",73275053,Starboy,2016-11-25
595,The Weeknd,"['canadian contemporary r&b', 'canadian pop', 'pop']",73275053,Beauty Behind The Madness,2015-08-28
596,The Weeknd,"['canadian contemporary r&b', 'canadian pop', 'pop']",73275053,Kiss Land (Deluxe),2013-09-10
597,The Weeknd,"['canadian contemporary r&b', 'canadian pop', 'pop']",73275053,Kiss Land,2013-09-10
598,The Weeknd,"['canadian contemporary r&b', 'canadian pop', 'pop']",73275053,Trilogy,2012-11-13
599,The Weeknd,"['canadian contemporary r&b', 'canadian pop', 'pop']",73275053,Echoes Of Silence (Original),2011-12-21
600,The Weeknd,"['canadian contemporary r&b', 'canadian pop', 'pop']",73275053,Thursday (Original),2011-08-18
601,The Weeknd,"['canadian contemporary r&b', 'canadian pop', 'pop']",73275053,House Of Balloons (Original),2011-03-21
